<?xml version="1.0" encoding="UTF-8"?>
<project-private xmlns="http://www.netbeans.org/ns/project-private/1">
    <editor-bookmarks xmlns="http://www.netbeans.org/ns/editor-bookmarks/2" lastBookmarkId="0"/>
    <open-files xmlns="http://www.netbeans.org/ns/projectui-open-files/2">
        <group>
            <file>file:/C:/Users/aenei/Documents/Salon/src/java/servlet/salon/DisplayAndSubmit.java</file>
            <file>file:/C:/Users/aenei/Documents/Salon/web/WEB-INF/fragments/feedback.html</file>
            <file>file:/C:/Users/aenei/Documents/Salon/web/css/style.css</file>
            <file>file:/C:/Users/aenei/Documents/Salon/web/loggedin.jsp</file>
            <file>file:/C:/Users/aenei/Documents/Salon/src/java/servlet/salon/Login.java</file>
            <file>file:/C:/Users/aenei/Documents/Salon/web/WEB-INF/fragments/navigationUnlogged.html</file>
            <file>file:/C:/Users/aenei/Documents/Salon/web/index.jsp</file>
            <file>file:/C:/Users/aenei/Documents/Salon/web/profile.jsp</file>
        </group>
    </open-files>
</project-private>
